{"l_1": 35.0, "l_2": 22.0, "h": 11, "f_c": 5000, "c_1": 21.0, "c_2": 21.0, "bay": {"l_1": "exterior", "l_2": "interior"}, "l_ratio": 1.5909090909090908, "f_y": 60000, "w_c": 145, "nu": 0.2, "loading": {"sdl": 21.0, "ll_design": 125.0, "ll_vib": 11.0}, "reinforcement": {"l_1": {"middle": {"p": 4.71, "n1": 3.22, "n2": 3.97}}, "type": "estimated", "l_2": {"middle": {"p": 7.02, "n1": 7.02, "n2": 7.02}}}, "rho": {"l_1": {"middle": {"p": 0.00366, "n1": 0.0025, "n2": 0.00308}}, "l_2": {"middle": {"p": 0.0025, "n1": 0.0025, "n2": 0.0025}}}, "E_c": 4889136.82565747, "lambda_cw": 0.75, "n": 5.931517368835388, "f_r": 238.64853865045978, "strips": {"l_1": {"column": 11.0, "middle": 11.0}, "l_2": {"column": 11.0, "middle": 24.0}}, "mass": 3943.6594202898546, "weight": 126.98583333333333, "rho_max": 0.021250000000000005, "bending_moments": {"l_1": {"service": {"column": {"n1": {"dl": 121.7, "ll": 98.8}, "n2": {"dl": 245.7, "ll": 199.5}, "p": {"dl": 146.0, "ll": 118.6}}, "middle": {"n1": {"dl": 0.0, "ll": 0.0}, "n2": {"dl": 81.9, "ll": 66.5}, "p": {"dl": 97.3, "ll": 79.0}}}, "factored": {"column": {"n1": 304.1, "n2": 614.0, "p": 365.0}, "middle": {"n1": 0.0, "n2": 204.7, "p": 243.2}}}, "l_2": {"service": {"column": {"n1": {"dl": 134.6, "ll": 109.3}, "n2": {"dl": 134.6, "ll": 109.3}, "p": {"dl": 58.0, "ll": 47.1}}, "middle": {"n1": {"dl": 44.9, "ll": 36.4}, "n2": {"dl": 44.9, "ll": 36.4}, "p": {"dl": 38.7, "ll": 31.4}}}, "factored": {"column": {"n1": 336.4, "n2": 336.4, "p": 145.0}, "middle": {"n1": 112.1, "n2": 112.1, "p": 96.7}}}}, "I_e": 20616.3, "I_g": 37933.5, "k_1": 0.5434853098184982, "f_i": 4.958420933571628}